DELETE FROM prescription_register;
DELETE FROM inspection_register;
DELETE FROM diagnosis_register;
DELETE FROM patient_register;
DELETE FROM users;
DELETE FROM staff;
DELETE FROM handbk_item_translations;
DELETE FROM handbk_items;
DELETE FROM lang;

ALTER SEQUENCE handbk_items_seq RESTART WITH 100000;
ALTER SEQUENCE handbk_item_translations_seq RESTART WITH 100000;
ALTER SEQUENCE users_seq RESTART WITH 100000;
ALTER SEQUENCE staff_seq RESTART WITH 100000;
ALTER SEQUENCE patient_seq RESTART WITH 100000;
ALTER SEQUENCE diagnosis_register_seq RESTART WITH 100000;
ALTER SEQUENCE inspection_register_seq RESTART WITH 100000;
ALTER SEQUENCE prescription_register_seq RESTART WITH 100000;

INSERT INTO lang (locale) VALUES
  ('ru'),
  ('en');

INSERT INTO handbk_items (type, name) VALUES
  ('POSITION', 'программист'), --100000
  ('POSITION', 'врач высшей категории'), --100001
  ('POSITION', 'врач 1 категории'), --100002
  ('POSITION', 'старшая медсестра'), --100003
  ('POSITION', 'медсестра'), --100004
  ('DIAGNOSIS_TYPE', 'сопутствующий'), --100005
  ('DIAGNOSIS_TYPE', 'основной'), --100006
  ('DIAGNOSIS', 'ротавирусный гастроэнтерит'), --100007
  ('DIAGNOSIS', 'обструктивный бронхит'), --100008
  ('DIAGNOSIS', 'диагноз3'), --100009
  ('PRESCRPTN_TYPE', 'обследование'), --100010
  ('PRESCRPTN_TYPE', 'леч.процедуры'), --100011
  ('PRESCRPTN_TYPE', 'лекарства'); --100012

INSERT INTO handbk_item_translations (handbk_item_id, locale, translation) VALUES
  (100000, 'ru', 'программист'),
  (100001, 'ru', 'врач высшей категории'),
  (100002, 'ru', 'врач 1 категории'),
  (100003, 'ru', 'старшая медсестра'),
  (100004, 'ru', 'медсестра'),
  (100000, 'en', 'system manager'),
  (100001, 'en', 'doctor of higher category '),
  (100002, 'en', 'doctor of first category'),
  (100003, 'en', 'chief nurse'),
  (100004, 'en', 'nurse'),
  (100005, 'ru', 'сопутствующий'),
  (100006, 'ru', 'основной'),
  (100005, 'en', 'accompanying'),
  (100006, 'en', 'basically'),
  (100007, 'ru', 'ротавирусный гастроэнтерит'),
  (100008, 'ru', 'обструктивный бронхит'),
  (100009, 'ru', 'диагноз3'),
  (100007, 'en', 'rotavirus gastroenteritis'),
  (100008, 'en', 'obstructive bronchitis'),
  (100009, 'en', 'diagnosis3'),
  (100010, 'ru', 'обследование'),
  (100011, 'ru', 'леч.процедура'),
  (100012, 'ru', 'лекарства'),
  (100010, 'en', 'medical examination'),
  (100011, 'en', 'medical procedure'),
  (100012, 'en', 'drug');

INSERT INTO staff (name, additional_name, surname, position_item_id) VALUES
  ('Валерий', 'Алексеевич', 'Вигель', 100000),
  ('Константин', 'Николаевич', 'Вигриянов', 100001),
  ('Мубарям', 'Ердебаевна', 'Ершенова', 100002),
  ('Наталья', 'Олеговна', 'Виекаева', 100003),
  ('Нина', 'Евгеньевна', 'Вилисова', 100004);

INSERT INTO users (staff_id, login, password, role) VALUES
  (100000, 'Vigel_VA', '7c6a180b36896a0a8c02787eeafb0e4c', 'ROLE_ADMIN'),
  (100001, 'Vigriyanov_KE', '6cb75f652a9b52798eb6cf2201057c73', 'ROLE_DOCTOR'),
  (100002, 'Yershenova_ME', '819b0643d6b89dc9b579fdfc9094f28e', 'ROLE_DOCTOR'),
  (100003, 'Viyekayeva_NO', '34cc93ece0ba9e3f6f235d4af979b16c', 'ROLE_NURSE'),
  (100004, 'Vilisova_NE', 'db0edd04aaac4506f7edab03ac855d56', 'ROLE_NURSE');

INSERT INTO patient_register (name, additional_name, surname, birthday, phone, email,
                              admission_date, discharge_date, primary_inspection, primary_complaints,
                              primary_diagnosis_item_id, final_diagnosis_item_id) VALUES
  ('Анатолий', 'Сергеевич', 'Скоробогатов', '2010-01-05', '+7(721)2345678', 'anatoliy@mail.ru',
   '2018-04-09', '2018-04-16',
   'ребенок вялый, аппетит снижен, температура субфебрильная, живот мягкий, безболезененный, урчит при пальпации',
   'многократная рвота до 10 раз в сутки, темп. до 37,7С, жажда, 3-х кратный жидкий водянистый стул со слизью',
   100007, 100007),
  ('Степанида', 'Федоровна', 'Стеняева', '2007-05-15', '+7(705)6479812', 'step@rambler.ru',
   '2018-05-01', '2018-05-14',
   'аппетит снижен, дыхание шумное, одышка до 40 в покое, ЧСС 140 в мин, сухие хрипы над всей поверхностью легких',
   'сухой кашель, затрудненное дыхание, повышение температуры, насморк',
   100008, 100008),
  ('Полина', 'Андреевна', 'Тиханович', '2009-11-20', '+7(708)7531245', 'pol_tih@gmail.com',
   '2019-03-01', null, null, null, null, null),
  ('Оксана', 'Павловна', 'Бебикова', '2011-12-14', '+7(771)8244673', '',
   '2019-03-04', null, null, null, null, null);

INSERT INTO diagnosis_register (patient_id, diagnosis_item_id, diagnosis_type_item_id) VALUES
  (100000, 100007, 100006),
  (100001, 100008, 100006);

INSERT INTO prescription_register (patient_id, application_date,
                                       prescrptn_type_item_id, description, execution_date, result) VALUES
  (100000, '2018-04-09', 100010, 'OAK', '2018-04-10', 'Leuc 4,2х109/л; п/я 5%; с/я 40%; Лим 43;%; Мон 4%'),
  (100000, '2018-04-09', 100010, 'копрограмма', '2018-04-10', 'мыла +++, жирные кислоты +++'),
  (100000, '2018-04-09', 100010, 'кал на ротавирусы', '2018-04-10', 'положительный'),
  (100000, '2018-04-10', 100011, 'инфузионная терапия', '2018-04-10', ''),
  (100000, '2018-04-11', 100011, 'инфузионная терапия', '2018-04-11', ''),
  (100000, '2018-04-10', 100012, 'энтерол', '2018-04-10', ''),
  (100000, '2018-04-10', 100012, 'смекта, креон', '2018-04-10', ''),
  (100000, '2018-04-11', 100012, 'энтерол', '2018-04-11', ''),
  (100000, '2018-04-11', 100012, 'смекта, креон', '2018-04-11', ''),
  (100000, '2018-04-12', 100012, 'энтерол', '2018-04-12', ''),
  (100000, '2018-04-12', 100012, 'смекта, креон', '2018-04-12', ''),
  (100000, '2018-04-13', 100012, 'энтерол', '2018-04-13', ''),
  (100000, '2018-04-14', 100012, 'энтерол', '2018-04-14', ''),
  (100000, '2018-04-15', 100012, 'энтерол', '2018-04-15', ''),
  (100001, '2018-05-01', 100010, 'рентген гр.rлетки', '2018-05-02',
   'усиление легочного рисунка, повышена пневматизация легких, инфильтративных изменений не выявлено'),
  (100001, '2018-05-01', 100010, 'OAK', '2018-05-02', 'Leuc 6,7х109/л; п/я 12%, с/я 38 Соэ 20 мм/ч'),
  (100001, '2018-05-02', 100011, 'физиопроцедуры на трахею', '2018-05-02', ''),
  (100001, '2018-05-02', 100012, 'ампициллин, лазолван, стоптуссин', '2018-05-02', ''),
  (100001, '2018-05-03', 100012, 'ампициллин, лазолван, стоптуссин', '2018-05-03', ''),
  (100001, '2018-05-04', 100012, 'ампициллин, лазолван, стоптуссин', '2018-05-04', ''),
  (100001, '2018-05-05', 100012, 'ампициллин, лазолван, стоптуссин', '2018-05-05', ''),
  (100001, '2018-05-06', 100012, 'ампициллин, лазолван, стоптуссин', '2018-05-06', ''),
  (100001, '2018-05-07', 100012, 'ампициллин, лазолван, стоптуссин', '2018-05-07', ''),
  (100001, '2018-05-08', 100012, 'ампициллин, лазолван, стоптуссин', '2018-05-08', '');

INSERT INTO inspection_register (patient_id, date, inspection, complaints) VALUES
  (100000, '2018-04-12', 'температура нормализовалась, стул жидкий без воды', 'улучшился аппетит'),
  (100000, '2018-04-15', 'стул нормализовался (1 раз в сутки)', 'жалоб нет' ),
  (100001, '2018-04-03', 'температура нормализовалась, хрипы влажные единичные', 'кашель с мокротой, насморк'),
  (100001, '2018-04-08', 'состояние удовлетворительное', 'жалоб нет');


